{"cameraMode":{"drawMode":0,"name":"Shaded","section":"Shading Mode"},"sceneLighting":true,"audioPlay":false,"sceneViewState":{"showFog":true,"showMaterialUpdate":false,"showSkybox":true,"showFlares":true,"showImageEffects":true,"showParticleSystems":true,"showVisualEffectGraphs":true,"m_FxEnabled":true},"in2DMode":false,"pivot":{"x":227.41395568847657,"y":133.60389709472657,"z":66.67713928222656},"rotation":{"x":-0.11225629597902298,"y":0.16203095018863679,"z":-0.018553990870714189,"w":-0.9802783727645874},"size":168.77452087402345,"orthographic":false}