{"cameraMode":{"drawMode":0,"name":"Shaded","section":"Shading Mode"},"sceneLighting":true,"audioPlay":false,"sceneViewState":{"showFog":true,"showMaterialUpdate":false,"showSkybox":true,"showFlares":true,"showImageEffects":true,"showParticleSystems":true,"showVisualEffectGraphs":true,"m_FxEnabled":true},"in2DMode":false,"pivot":{"x":0.27278566360473635,"y":-77.42499542236328,"z":86.86577606201172},"rotation":{"x":-0.39813297986984255,"y":-0.016229426488280298,"z":0.007042252458631992,"w":-0.917232871055603},"size":92.02703094482422,"orthographic":false}