{"cameraMode":{"drawMode":0,"name":"Shaded","section":"Shading Mode"},"sceneLighting":false,"audioPlay":false,"sceneViewState":{"showFog":true,"showMaterialUpdate":false,"showSkybox":false,"showFlares":true,"showImageEffects":true,"showParticleSystems":true,"showVisualEffectGraphs":true,"m_FxEnabled":true},"in2DMode":false,"pivot":{"x":16.707529067993165,"y":1.2516555786132813,"z":29.19853973388672},"rotation":{"x":0.009112425148487091,"y":0.9865084290504456,"z":-0.15276998281478883,"w":0.06151111423969269},"size":7.3590521812438969,"orthographic":false}