{"cameraMode":{"drawMode":0,"name":"Shaded","section":"Shading Mode"},"sceneLighting":false,"audioPlay":false,"sceneViewState":{"showFog":true,"showMaterialUpdate":false,"showSkybox":false,"showFlares":true,"showImageEffects":true,"showParticleSystems":true,"showVisualEffectGraphs":true,"m_FxEnabled":true},"in2DMode":false,"pivot":{"x":0.5560451149940491,"y":-0.2318727970123291,"z":-0.2098865509033203},"rotation":{"x":0.20092692971229554,"y":-0.04674256220459938,"z":0.009520037099719048,"w":0.9785251021385193},"size":2.6599228382110597,"orthographic":false}