{"cameraMode":{"drawMode":0,"name":"Shaded","section":"Shading Mode"},"sceneLighting":false,"audioPlay":false,"sceneViewState":{"showFog":true,"showMaterialUpdate":false,"showSkybox":false,"showFlares":true,"showImageEffects":true,"showParticleSystems":true,"showVisualEffectGraphs":true,"m_FxEnabled":true},"in2DMode":false,"pivot":{"x":1.0499141216278077,"y":-0.3009335398674011,"z":0.7869986891746521},"rotation":{"x":0.13445274531841279,"y":-0.7579366564750671,"z":0.16506606340408326,"w":0.6167551875114441},"size":0.5599230527877808,"orthographic":false}