{"cameraMode":{"drawMode":0,"name":"Shaded","section":"Shading Mode"},"sceneLighting":false,"audioPlay":false,"sceneViewState":{"showFog":true,"showMaterialUpdate":false,"showSkybox":false,"showFlares":true,"showImageEffects":true,"showParticleSystems":true,"showVisualEffectGraphs":true,"m_FxEnabled":true},"in2DMode":false,"pivot":{"x":0.7362287640571594,"y":0.7139320373535156,"z":0.01421976089477539},"rotation":{"x":0.31554466485977175,"y":-0.009720612317323685,"z":0.0031503629870712759,"w":0.9489498138427734},"size":1.4599230289459229,"orthographic":false}