{"cameraMode":{"drawMode":0,"name":"Shaded","section":"Shading Mode"},"sceneLighting":false,"audioPlay":false,"sceneViewState":{"showFog":true,"showMaterialUpdate":false,"showSkybox":false,"showFlares":true,"showImageEffects":true,"showParticleSystems":true,"showVisualEffectGraphs":true,"m_FxEnabled":true},"in2DMode":false,"pivot":{"x":0.5800588130950928,"y":0.14614176750183106,"z":-0.4754910469055176},"rotation":{"x":0.37451836466789248,"y":-0.027580738067626954,"z":0.011060082353651524,"w":0.9268388748168945},"size":1.4599230289459229,"orthographic":false}