{"cameraMode":{"drawMode":0,"name":"Shaded","section":"Shading Mode"},"sceneLighting":false,"audioPlay":false,"sceneViewState":{"showFog":true,"showMaterialUpdate":false,"showSkybox":false,"showFlares":true,"showImageEffects":true,"showParticleSystems":true,"showVisualEffectGraphs":true,"m_FxEnabled":true},"in2DMode":false,"pivot":{"x":0.5560451149940491,"y":-0.2318727970123291,"z":-0.2098865509033203},"rotation":{"x":0.325238972902298,"y":-0.09598972648382187,"z":0.033138565719127658,"w":0.9402492046356201},"size":1.4599230289459229,"orthographic":false}