{"cameraMode":{"drawMode":0,"name":"Shaded","section":"Shading Mode"},"sceneLighting":true,"audioPlay":false,"sceneViewState":{"showFog":true,"showMaterialUpdate":false,"showSkybox":true,"showFlares":true,"showImageEffects":true,"showParticleSystems":true,"showVisualEffectGraphs":true,"m_FxEnabled":true},"in2DMode":false,"pivot":{"x":-29.041994094848634,"y":9.523832321166993,"z":47.90013885498047},"rotation":{"x":0.10452090948820114,"y":0.01596151478588581,"z":-0.0021423841826617719,"w":0.9945734739303589},"size":31.952465057373048,"orthographic":false}