{"cameraMode":{"drawMode":0,"name":"Shaded","section":"Shading Mode"},"sceneLighting":false,"audioPlay":false,"sceneViewState":{"showFog":true,"showMaterialUpdate":false,"showSkybox":false,"showFlares":true,"showImageEffects":true,"showParticleSystems":true,"showVisualEffectGraphs":true,"m_FxEnabled":true},"in2DMode":false,"pivot":{"x":1.3000001907348633,"y":1.6200001239776612,"z":-1.9800000190734864},"rotation":{"x":-0.23341700434684754,"y":0.45510104298591616,"z":-0.12437071651220322,"w":-0.8504841327667236},"size":1.4320509433746338,"orthographic":false}